Cumulative,Cumulative Test positive,Cumulative tests performed,Date,Discharged,Expired,Home Quarantine,New (last 24 hrs),Region,Still admitted,Tests performed in last 24 hours,Positivity Rate (%),Case Fatality Rate (%)
48,2,80,2020-03-11,0,0,0.0,3,ICT,2,8.0,2.5,0.0
61,0,95,2020-03-11,0,0,0.0,6,Punjab,0,7.0,0.0,
84,14,171,2020-03-11,1,0,0.0,1,Sindh,13,55.0,8.187134502923977,0.0
20,0,28,2020-03-11,0,0,0.0,0,KP,0,2.0,0.0,
3,0,0,2020-03-11,0,0,0.0,0,KPTD,0,0.0,,
19,1,18,2020-03-11,0,0,0.0,4,Balochistan,1,4.0,5.555555555555555,0.0
3,0,4,2020-03-11,0,0,0.0,0,AJK,0,0.0,0.0,
10,2,26,2020-03-11,0,0,0.0,0,GB,2,4.0,7.6923076923076925,0.0
10,3,28,2020-03-12,0,0,0.0,0,GB,3,2.0,10.714285714285714,0.0
3,0,8,2020-03-12,0,0,0.0,0,AJK,0,4.0,0.0,
23,1,18,2020-03-12,0,0,0.0,4,Balochistan,1,4.0,5.555555555555555,0.0
3,0,0,2020-03-12,0,0,0.0,0,KPTD,0,0.0,,
67,0,105,2020-03-12,0,0,0.0,6,Punjab,0,10.0,0.0,
89,14,198,2020-03-12,2,0,0.0,5,Sindh,12,27.0,7.07070707070707,0.0
52,2,85,2020-03-12,0,0,0.0,4,ICT,2,5.0,2.3529411764705883,0.0
24,0,29,2020-03-12,0,0,0.0,4,KP,0,1.0,0.0,
4,0,9,2020-03-13,0,0,0.0,1,AJK,0,1.0,0.0,
17,3,32,2020-03-13,0,0,0.0,7,GB,3,4.0,9.375,0.0
4,0,0,2020-03-13,0,0,0.0,1,KPTD,0,0.0,,
31,1,18,2020-03-13,0,0,0.0,8,Balochistan,1,0.0,5.555555555555555,0.0
107,15,240,2020-03-13,2,0,0.0,18,Sindh,13,42.0,6.25,0.0
27,0,30,2020-03-13,0,0,0.0,3,KP,0,1.0,0.0,
71,0,110,2020-03-13,0,0,0.0,4,Punjab,0,5.0,0.0,
57,2,92,2020-03-13,0,0,0.0,5,ICT,2,7.0,2.1739130434782608,0.0
4,0,10,2020-03-14,0,0,0.0,0,AJK,0,1.0,0.0,
45,6,35,2020-03-14,0,0,0.0,14,Balochistan,6,17.0,17.142857142857142,0.0
4,0,0,2020-03-14,0,0,0.0,0,KPTD,0,0.0,,
23,3,36,2020-03-14,0,0,0.0,6,GB,3,4.0,8.333333333333332,0.0
119,16,282,2020-03-14,3,0,0.0,12,Sindh,13,42.0,5.673758865248227,0.0
77,0,116,2020-03-14,0,0,0.0,6,Punjab,0,6.0,0.0,
62,3,99,2020-03-14,0,0,0.0,5,ICT,3,7.0,3.0303030303030303,0.0
29,0,31,2020-03-14,0,0,0.0,2,KP,0,1.0,0.0,
65,4,115,2020-03-15,0,0,0.0,3,ICT,4,16.0,3.4782608695652173,0.0
83,0,126,2020-03-15,0,0,0.0,6,Punjab,0,10.0,0.0,
127,18,315,2020-03-15,3,0,0.0,8,Sindh,15,33.0,5.714285714285714,0.0
30,0,32,2020-03-15,0,0,0.0,1,KP,0,1.0,0.0,
5,0,0,2020-03-15,0,0,0.0,1,KPTD,0,0.0,,
45,6,42,2020-03-15,0,0,0.0,0,Balochistan,6,7.0,14.285714285714285,0.0
4,0,11,2020-03-15,0,0,0.0,0,AJK,0,1.0,0.0,
23,3,45,2020-03-15,0,0,0.0,0,GB,3,9.0,6.666666666666667,0.0
9,0,11,2020-03-16,0,0,0.0,1,AJK,0,0.0,0.0,
0,6,28,2020-03-16,0,0,0.0,0,Mobile Lab,0,6.0,21.428571428571427,0.0
23,3,45,2020-03-16,0,0,0.0,0,GB,3,0.0,6.666666666666667,0.0
70,5,40,2020-03-16,0,0,0.0,21,Balochistan,10,12.0,12.5,0.0
135,34,364,2020-03-16,3,0,0.0,8,Sindh,32,49.0,9.340659340659341,0.0
36,0,32,2020-03-16,0,0,0.0,6,KP,0,0.0,0.0,
5,0,0,2020-03-16,0,0,0.0,0,KPTD,0,0.0,,
95,1,166,2020-03-16,0,0,0.0,12,Punjab,1,40.0,0.6024096385542169,0.0
69,4,147,2020-03-16,0,0,0.0,4,ICT,4,32.0,2.7210884353741496,0.0
76,4,581,2020-03-17,1,0,0.0,7,ICT,3,195.0,0.6884681583476765,0.0
112,1,166,2020-03-17,0,0,0.0,17,Punjab,1,,0.6024096385542169,0.0
140,150,554,2020-03-17,3,0,0.0,5,Sindh,147,190.0,27.075812274368232,0.0
52,15,51,2020-03-17,0,0,0.0,25,KP,15,19.0,29.411764705882355,0.0
5,0,0,2020-03-17,0,0,0.0,0,KPTD,0,0.0,,
103,14,163,2020-03-17,0,0,0.0,33,Balochistan,14,95.0,8.588957055214724,0.0
20,0,11,2020-03-17,0,0,0.0,11,AJK,0,0.0,0.0,
25,3,45,2020-03-17,0,0,0.0,2,GB,3,0.0,6.666666666666667,0.0
21,0,11,2020-03-18,0,0,0.0,1,AJK,0,0.0,0.0,
134,15,151,2020-03-18,0,0,0.0,79,Balochistan,15,0.0,9.933774834437086,0.0
6,0,0,2020-03-18,0,0,0.0,1,KPTD,0,0.0,,
29,3,51,2020-03-18,0,0,0.0,4,GB,5,0.0,5.88235294117647,0.0
151,172,606,2020-03-18,3,0,0.0,11,Sindh,169,0.0,28.38283828382838,0.0
129,26,133,2020-03-18,0,0,0.0,17,Punjab,26,0.0,19.548872180451127,0.0
84,8,627,2020-03-18,1,0,0.0,8,ICT,3,0.0,1.2759170653907497,0.0
58,17,42,2020-03-18,0,0,0.0,6,KP,17,0.0,40.476190476190474,0.0
23,1,23,2020-03-19,0,0,0.0,2,AJK,1,0.0,4.3478260869565215,0.0
134,23,637,2020-03-19,0,0,0.0,0,Balochistan,23,0.0,3.610675039246468,0.0
7,0,0,2020-03-19,0,0,0.0,1,KPTD,0,0.0,,
64,13,90,2020-03-19,0,0,0.0,35,GB,11,0.0,14.444444444444443,0.0
173,208,908,2020-03-19,3,0,0.0,22,Sindh,205,0.0,22.90748898678414,0.0
158,33,254,2020-03-19,0,0,0.0,29,Punjab,33,0.0,12.992125984251967,0.0
103,5,184,2020-03-19,2,0,0.0,19,ICT,3,0.0,2.717391304347826,0.0
72,19,67,2020-03-19,0,2,0.0,18,KP,17,0.0,28.35820895522388,10.526315789473683
137,10,277,2020-03-20,2,0,0.0,34,ICT,8,0.0,3.6101083032490973,0.0
182,80,872,2020-03-20,0,0,0.0,24,Punjab,80,0.0,9.174311926605505,0.0
182,245,1210,2020-03-20,3,0,0.0,9,Sindh,242,0.0,20.24793388429752,0.0
94,23,67,2020-03-20,0,2,0.0,22,KP,21,0.0,34.32835820895522,8.695652173913043
19,0,0,2020-03-20,0,0,0.0,12,KPTD,0,0.0,,
650,81,805,2020-03-20,0,0,0.0,364,Balochistan,81,0.0,10.062111801242237,0.0
36,1,36,2020-03-20,0,0,0.0,13,AJK,1,0.0,2.7777777777777777,0.0
64,21,143,2020-03-20,0,0,0.0,0,GB,21,0.0,14.685314685314685,0.0
698,81,805,2020-03-21,0,0,0.0,47,Balochistan,81,0.0,10.062111801242237,0.0
310,30,310,2020-03-21,0,0,0.0,220,GB,30,0.0,9.67741935483871,0.0
40,1,40,2020-03-21,0,0,0.0,4,AJK,1,0.0,2.5,0.0
21,0,0,2020-03-21,0,0,0.0,2,KPTD,0,0.0,,
171,11,325,2020-03-21,2,0,0.0,34,ICT,9,0.0,3.3846153846153846,0.0
210,253,1497,2020-03-21,3,1,0.0,28,Sindh,249,0.0,16.90046760187041,0.3952569169960474
196,96,894,2020-03-21,0,0,0.0,14,Punjab,96,0.0,10.738255033557047,0.0
130,23,130,2020-03-21,0,2,0.0,31,KP,21,0.0,17.692307692307693,8.695652173913043
188,11,366,2020-03-22,2,0,0.0,17,ICT,9,0.0,3.0054644808743167,0.0
246,152,1361,2020-03-22,0,0,0.0,50,Punjab,152,0.0,11.168258633357825,0.0
232,396,1497,2020-03-22,3,1,0.0,22,Sindh,392,0.0,26.452905811623246,0.25252525252525254
155,31,264,2020-03-22,0,2,0.0,25,KP,29,0.0,11.742424242424242,6.451612903225806
21,0,0,2020-03-22,0,0,0.0,0,KPTD,0,0.0,,
1380,104,1380,2020-03-22,0,0,0.0,593,Balochistan,104,0.0,7.536231884057972,0.0
42,1,42,2020-03-22,0,0,0.0,2,AJK,1,0.0,2.380952380952381,0.0
310,55,315,2020-03-22,0,0,0.0,0,GB,55,0.0,17.46031746031746,0.0
44,1,44,2020-03-23,0,0,0.0,2,AJK,1,0.0,2.272727272727273,0.0
1405,108,1405,2020-03-23,0,1,0.0,25,Balochistan,107,0.0,7.686832740213523,0.9259259259259258
196,31,305,2020-03-23,0,3,0.0,41,KP,28,0.0,10.163934426229508,9.67741935483871
310,71,338,2020-03-23,0,0,0.0,0,GB,71,0.0,21.005917159763314,0.0
257,225,1436,2020-03-23,0,0,0.0,11,Punjab,225,0.0,15.668523676880222,0.0
198,15,404,2020-03-23,2,0,0.0,10,ICT,13,0.0,3.7128712871287126,0.0
232,333,1512,2020-03-23,4,1,0.0,0,Sindh,328,0.0,22.023809523809522,0.3003003003003003
60,1,60,2020-03-24,0,0,0.0,16,AJK,1,0.0,1.6666666666666667,0.0
1407,110,1407,2020-03-24,0,1,0.0,2,Balochistan,109,0.0,7.818052594171997,0.9090909090909091
431,38,448,2020-03-24,0,3,0.0,235,KP,35,0.0,8.482142857142858,7.894736842105263
310,80,500,2020-03-24,0,1,0.0,0,GB,79,0.0,16.0,1.25
257,249,1436,2020-03-24,0,0,0.0,0,Punjab,249,0.0,17.33983286908078,0.0
226,15,427,2020-03-24,2,0,0.0,28,ICT,13,0.0,3.51288056206089,0.0
232,394,1579,2020-03-24,4,1,0.0,0,Sindh,389,0.0,24.952501583280558,0.25380710659898476
236,18,459,2020-03-25,2,0,0.0,10,ICT,16,0.0,3.9215686274509802,0.0
257,296,1436,2020-03-25,2,1,0.0,0,Punjab,293,0.0,20.61281337047354,0.33783783783783783
238,407,1579,2020-03-25,14,1,0.0,6,Sindh,392,0.0,25.775807473084228,0.2457002457002457
538,78,566,2020-03-25,0,3,0.0,98,KP,75,0.0,13.780918727915195,3.8461538461538463
1437,110,1437,2020-03-25,0,1,0.0,30,Balochistan,109,0.0,7.6548364648573415,0.9090909090909091
65,1,66,2020-03-25,0,0,0.0,5,AJK,1,0.0,1.5151515151515151,0.0
347,81,580,2020-03-25,0,1,0.0,37,GB,80,0.0,13.96551724137931,1.2345679012345678
1437,131,1455,2020-03-26,0,1,0.0,0,Balochistan,130,0.0,9.003436426116838,0.7633587786259541
77,1,77,2020-03-26,0,0,0.0,12,AJK,1,0.0,1.2987012987012987,0.0
694,80,704,2020-03-26,2,3,0.0,138,KP,75,0.0,11.363636363636363,3.75
347,84,624,2020-03-26,0,1,0.0,0,GB,83,0.0,13.461538461538462,1.1904761904761905
257,323,1436,2020-03-26,3,2,0.0,0,Punjab,318,0.0,22.493036211699163,0.6191950464396285
295,413,1592,2020-03-26,14,1,0.0,37,Sindh,398,0.0,25.94221105527638,0.24213075060532688
255,25,561,2020-03-26,2,0,0.0,19,ICT,8,0.0,4.45632798573975,0.0
777,91,762,2020-03-27,2,1,0.0,430,GB,88,0.0,11.94225721784777,1.098901098901099
712,25,712,2020-03-27,2,0,0.0,151,ICT,12,0.0,3.51123595505618,0.0
1298,408,2257,2020-03-27,3,3,0.0,741,Punjab,402,0.0,18.077093486929552,0.7352941176470588
4456,417,1592,2020-03-27,14,1,0.0,416,Sindh,402,0.0,26.19346733668342,0.2398081534772182
704,123,917,2020-03-27,2,3,0.0,10,KP,118,0.0,13.413304252998909,2.4390243902439024
1494,131,1512,2020-03-27,0,1,0.0,57,Balochistan,130,0.0,8.664021164021165,0.7633587786259541
83,2,83,2020-03-27,0,0,0.0,6,AJK,2,0.0,2.4096385542168677,0.0
787,107,832,2020-03-28,3,1,0.0,45,GB,12,0.0,12.860576923076922,0.9345794392523363
90,2,97,2020-03-28,0,0,0.0,7,AJK,2,0.0,2.0618556701030926,0.0
1494,133,1657,2020-03-28,2,1,0.0,22,Balochistan,122,0.0,8.026554013277007,0.7518796992481203
910,39,1056,2020-03-28,2,0,0.0,198,ICT,8,0.0,3.6931818181818183,0.0
4807,457,5158,2020-03-28,14,1,0.0,351,Sindh,294,0.0,8.86002326483133,0.2188183807439825
3339,490,3310,2020-03-28,4,5,0.0,210,Punjab,237,0.0,14.803625377643503,1.0204081632653061
820,180,1121,2020-03-28,2,3,0.0,104,KP,50,0.0,16.057091882247992,1.6666666666666667
1601,138,1737,2020-03-29,2,1,5.0,136,Balochistan,130,0.0,7.9447322970639025,0.7246376811594203
97,2,97,2020-03-29,0,0,0.0,7,AJK,2,0.0,2.0618556701030926,0.0
788,116,895,2020-03-29,4,1,99.0,1,GB,12,0.0,12.960893854748603,0.8620689655172413
928,188,1229,2020-03-29,2,4,122.0,108,KP,60,0.0,15.29698942229455,2.127659574468085
3521,558,3492,2020-03-29,4,5,302.0,182,Punjab,247,0.0,15.979381443298967,0.8960573476702508
1067,43,1213,2020-03-29,2,0,30.0,157,ICT,11,0.0,3.544929925803792,0.0
5322,481,5673,2020-03-29,14,2,171.0,515,Sindh,294,0.0,8.4787590340208,0.4158004158004158
105,6,105,2020-03-30,0,0,0.0,8,AJK,6,0.0,5.714285714285714,0.0
1695,144,1710,2020-03-30,2,1,8.0,94,Balochistan,133,0.0,8.421052631578947,0.6944444444444444
1022,195,1324,2020-03-30,2,5,128.0,94,KP,60,0.0,14.72809667673716,2.564102564102564
862,128,862,2020-03-30,4,1,111.0,74,GB,12,0.0,14.849187935034802,0.78125
3616,593,3492,2020-03-30,5,6,329.0,95,Punjab,253,0.0,16.981672394043528,1.0118043844856661
1200,51,1310,2020-03-30,3,0,35.0,133,ICT,13,0.0,3.8931297709923665,0.0
5945,508,5945,2020-03-30,16,5,181.0,623,Sindh,306,0.0,8.544995794785534,0.984251968503937
1395,58,1469,2020-03-31,3,0,39.0,195,ICT,16,0.0,3.9482641252552755,0.0
3770,652,2500,2020-03-31,5,9,335.0,154,Punjab,303,0.0,26.08,1.3803680981595092
6328,627,6328,2020-03-31,42,7,263.0,383,Sindh,315,0.0,9.90834386852086,1.1164274322169059
1334,221,1512,2020-03-31,2,6,143.0,312,KP,70,0.0,14.616402116402117,2.7149321266968327
1825,153,1792,2020-03-31,2,1,11.0,130,Balochistan,139,0.0,8.537946428571429,0.6535947712418301
177,6,177,2020-03-31,0,0,0.0,72,AJK,6,0.0,3.389830508474576,0.0
880,148,880,2020-03-31,4,2,130.0,18,GB,12,0.0,16.818181818181817,1.3513513513513513
239,6,239,2020-04-01,0,0,0.0,62,AJK,6,0.0,2.510460251046025,0.0
891,184,750,2020-04-01,4,2,166.0,11,GB,12,0.0,24.53333333333333,1.0869565217391304
1934,158,1934,2020-04-01,17,1,16.0,109,Balochistan,124,0.0,8.169596690796277,0.6329113924050633
4462,708,2720,2020-04-01,5,9,337.0,692,Punjab,357,0.0,26.029411764705884,1.2711864406779663
6578,676,6578,2020-04-01,51,8,232.0,250,Sindh,385,0.0,10.276679841897234,1.183431952662722
1524,253,1271,2020-04-01,2,6,171.0,190,KP,74,0.0,19.90558615263572,2.371541501976284
1703,54,1703,2020-04-01,3,0,35.0,122,ICT,16,0.0,3.1708749266001175,0.0
1997,62,1997,2020-04-02,3,0,44.0,294,ICT,15,0.0,3.104656985478217,0.0
5086,845,2945,2020-04-02,6,11,444.0,624,Punjab,384,0.0,28.69269949066214,1.301775147928994
6926,743,6926,2020-04-02,58,9,289.0,348,Sindh,387,0.0,10.727692751949178,1.2113055181695829
1814,276,1814,2020-04-02,19,8,165.0,290,KP,84,0.0,15.214994487320837,2.898550724637681
2049,169,2049,2020-04-02,17,1,26.0,115,Balochistan,125,0.0,8.247925817471938,0.591715976331361
249,9,249,2020-04-02,0,0,0.0,10,AJK,9,0.0,3.614457831325301,0.0
894,187,797,2020-04-02,4,2,169.0,3,GB,12,0.0,23.462986198243414,1.06951871657754
322,9,322,2020-04-03,0,0,0.0,73,AJK,9,0.0,2.7950310559006213,0.0
2171,169,2171,2020-04-03,17,1,26.0,122,Balochistan,125,0.0,7.784431137724551,0.591715976331361
1938,311,1938,2020-04-03,30,9,180.0,124,KP,92,0.0,16.04747162022704,2.8938906752411575
961,190,844,2020-04-03,5,3,170.0,67,GB,12,0.0,22.511848341232227,1.5789473684210527
5522,920,15134,2020-04-03,6,11,447.0,436,Punjab,456,0.0,6.079027355623101,1.1956521739130435
2395,68,2395,2020-04-03,3,0,47.0,398,ICT,18,0.0,2.8392484342379958,0.0
7504,783,7504,2020-04-03,65,11,297.0,578,Sindh,410,0.0,10.434434968017058,1.40485312899106
5456,1072,16508,2020-04-04,6,11,549.0,334,Punjab,506,1087.0,6.4938211776108545,1.0261194029850746
2369,343,1624,2020-04-04,30,11,210.0,431,KP,92,181.0,21.120689655172413,3.206997084548105
2569,75,2569,2020-04-04,3,0,58.0,174,ICT,14,174.0,2.919423900350331,0.0
8625,839,8625,2020-04-04,65,14,369.0,1121,Sindh,391,1121.0,9.727536231884057,1.66865315852205
2401,175,2401,2020-04-04,17,1,25.0,230,Balochistan,132,0.0,7.288629737609329,0.5714285714285714
343,11,343,2020-04-04,0,0,0.0,21,AJK,11,21.0,3.206997084548105,0.0
963,193,860,2020-04-04,9,3,169.0,2,GB,12,844.0,22.441860465116278,1.5544041450777202
385,12,385,2020-04-05,1,0,0.0,42,AJK,11,42.0,3.116883116883117,0.0
2513,185,2513,2020-04-05,17,1,34.0,132,Balochistan,133,132.0,7.361719060883407,0.5405405405405406
1058,206,975,2020-04-05,9,3,182.0,95,GB,12,116.0,21.128205128205128,1.4563106796116505
2744,78,2744,2020-04-05,3,0,65.0,175,ICT,10,175.0,2.8425655976676385,0.0
2548,372,1769,2020-04-05,30,14,233.0,179,KP,95,147.0,21.028829847371398,3.763440860215054
7859,1163,17653,2020-04-05,25,12,600.0,2403,Punjab,526,1145.0,6.58811533450405,1.0318142734307825
8846,864,8846,2020-04-05,85,15,374.0,221,Sindh,390,221.0,9.767126384806692,1.7361111111111112
2882,405,1974,2020-04-06,62,16,207.0,334,KP,120,205.0,20.51671732522796,3.950617283950617
8682,1493,17724,2020-04-06,25,15,800.0,823,Punjab,653,1014.0,8.4236064093884,1.0046885465505693
2871,82,2871,2020-04-06,3,0,68.0,127,ICT,11,127.0,2.8561476837338904,0.0
9131,881,9131,2020-04-06,123,15,380.0,285,Sindh,363,285.0,9.648450334026942,1.70261066969353
3504,191,2777,2020-04-06,30,1,48.0,419,Balochistan,112,264.0,6.877925819229384,0.5235602094240838
1062,210,998,2020-04-06,13,3,182.0,4,GB,12,23.0,21.04208416833667,1.4285714285714286
400,15,400,2020-04-06,1,0,0.0,15,AJK,14,15.0,3.75,0.0
9589,932,9589,2020-04-07,253,17,375.0,658,Sindh,287,658.0,9.71947022630097,1.8240343347639485
484,18,484,2020-04-07,1,0,0.0,84,AJK,17,84.0,3.71900826446281,0.0
3456,202,2998,2020-04-07,63,1,51.0,371,Balochistan,87,221.0,6.737825216811208,0.49504950495049505
1111,211,1015,2020-04-07,15,3,179.0,49,GB,14,17.0,20.788177339901477,1.4218009478672986
2921,83,2921,2020-04-07,3,1,62.0,50,ICT,17,50.0,2.841492639507018,1.2048192771084338
3016,500,2103,2020-04-07,69,17,276.0,134,KP,138,129.0,23.775558725630052,3.4000000000000004
9386,1918,20073,2020-04-07,25,15,1127.0,704,Punjab,751,1929.0,9.555123798136801,0.7820646506777894
10223,986,10223,2020-04-08,269,18,396.0,634,Sindh,303,634.0,9.644918321432066,1.8255578093306288
10347,2030,21826,2020-04-08,34,16,1267.0,961,Punjab,713,1853.0,9.300833867864016,0.7881773399014778
3068,527,2262,2020-04-08,70,18,242.0,52,KP,197,159.0,23.297966401414676,3.415559772296015
534,19,534,2020-04-08,1,0,0.0,50,AJK,18,50.0,3.5580524344569286,0.0
1175,212,1127,2020-04-08,15,3,180.0,64,GB,14,112.0,18.81100266193434,1.4150943396226416
3549,206,3091,2020-04-08,75,2,52.0,93,Balochistan,77,93.0,6.664509867356842,0.9708737864077669
3096,92,3096,2020-04-08,3,1,71.0,175,ICT,17,175.0,2.9715762273901807,1.0869565217391304
3322,560,2662,2020-04-09,74,20,298.0,254,KP,168,400.0,21.036814425244177,3.571428571428571
11741,2171,23080,2020-04-09,35,17,1367.0,1394,Punjab,752,1254.0,9.406412478336222,0.7830492860432979
10981,1036,10981,2020-04-09,280,20,382.0,758,Sindh,354,758.0,9.434477734268281,1.9305019305019304
3233,102,3233,2020-04-09,10,1,80.0,137,ICT,11,137.0,3.1549644293226105,0.9803921568627451
3709,212,3216,2020-04-09,76,2,57.0,160,Balochistan,77,125.0,6.592039800995026,0.9433962264150944
581,28,581,2020-04-09,1,0,0.0,47,AJK,27,47.0,4.819277108433735,0.0
1211,213,1143,2020-04-09,96,3,100.0,36,GB,14,16.0,18.635170603674542,1.4084507042253522
13720,2279,31535,2020-04-10,39,18,1477.0,1979,Punjab,745,1123.0,7.226890756302522,0.7898200965335673
3687,620,2871,2020-04-10,128,22,269.0,365,KP,201,209.0,21.59526297457332,3.5483870967741935
3375,107,3375,2020-04-10,10,1,78.0,142,ICT,18,142.0,3.1703703703703705,0.9345794392523363
11623,1128,11623,2020-04-10,349,21,436.0,642,Sindh,322,642.0,9.704895465886604,1.8617021276595744
4009,219,3405,2020-04-10,89,1,59.0,300,Balochistan,70,189.0,6.431718061674009,0.45662100456621
631,33,631,2020-04-10,1,0,0.0,50,AJK,32,50.0,5.229793977812995,0.0
1334,215,1266,2020-04-10,111,3,87.0,123,GB,14,123.0,16.982622432859397,1.3953488372093024
745,34,745,2020-04-11,1,0,0.0,114,AJK,33,114.0,4.563758389261745,0.0
4109,220,3694,2020-04-11,95,1,56.0,100,Balochistan,68,289.0,5.955603681645912,0.45454545454545453
1424,215,1334,2020-04-11,125,3,70.0,90,GB,17,68.0,16.116941529235383,1.3953488372093024
3480,113,3480,2020-04-11,13,1,84.0,105,ICT,15,105.0,3.247126436781609,0.8849557522123894
3768,656,3046,2020-04-11,131,25,299.0,81,KP,201,175.0,21.53644123440578,3.8109756097560976
15850,2336,33328,2020-04-11,39,19,1514.0,2130,Punjab,764,1120.0,7.009121459433509,0.8133561643835616
12209,1214,12209,2020-04-11,358,22,521.0,586,Sindh,313,586.0,9.943484314849702,1.8121911037891267
4232,697,3259,2020-04-12,142,31,314.0,464,KP,210,213.0,21.38692850567659,4.447632711621234
18520,2425,36199,2020-04-12,258,21,1381.0,2670,Punjab,765,1711.0,6.699080085085224,0.865979381443299
3570,119,3570,2020-04-12,13,1,88.0,90,ICT,17,90.0,3.3333333333333335,0.8403361344537815
12740,1318,12740,2020-04-12,371,28,576.0,531,Sindh,343,531.0,10.345368916797488,2.12443095599393
4099,228,3812,2020-04-12,95,2,70.0,83,Balochistan,62,118.0,5.981112277019937,0.8771929824561403
1488,216,1408,2020-04-12,146,3,58.0,64,GB,9,74.0,15.340909090909092,1.3888888888888888
813,35,813,2020-04-12,1,0,0.0,68,AJK,34,68.0,4.305043050430505,0.0
910,40,910,2020-04-13,2,0,0.0,97,AJK,38,97.0,4.395604395604396,0.0
4222,230,3906,2020-04-13,123,2,65.0,123,Balochistan,40,94.0,5.888376856118792,0.8695652173913043
1553,224,1476,2020-04-13,149,3,63.0,65,GB,9,68.0,15.176151761517614,1.3392857142857142
3836,131,3836,2020-04-13,15,1,91.0,266,ICT,24,266.0,3.4150156412930137,0.7633587786259541
4305,744,3478,2020-04-13,145,34,354.0,73,KP,211,219.0,21.391604370327773,4.56989247311828
19395,2594,38199,2020-04-13,272,23,1467.0,875,Punjab,832,1920.0,6.790753684651431,0.8866615265998458
13309,1411,13309,2020-04-13,389,30,645.0,569,Sindh,347,569.0,10.601848373281237,2.1261516654854713
13840,1452,13840,2020-04-14,419,31,648.0,531,Sindh,354,531.0,10.491329479768787,2.1349862258953167
21885,2826,41781,2020-04-14,508,24,1592.0,2490,Punjab,702,1925.0,6.763840022976951,0.8492569002123143
4783,800,3793,2020-04-14,153,35,401.0,478,KP,211,315.0,21.091484313208543,4.375
992,43,992,2020-04-14,4,0,0.0,82,AJK,39,82.0,4.334677419354839,0.0
1644,233,1563,2020-04-14,155,3,66.0,91,GB,9,87.0,14.90722968650032,1.2875536480686696
4341,231,4012,2020-04-14,124,2,71.0,119,Balochistan,34,106.0,5.757726819541375,0.8658008658008658
3947,131,3947,2020-04-14,15,1,96.0,111,ICT,19,111.0,3.3189764378008615,0.7633587786259541
24726,2945,43565,2020-04-15,508,28,1650.0,2841,Punjab,759,1959.0,6.760013772523815,0.9507640067911713
14503,1518,14503,2020-04-15,427,35,613.0,663,Sindh,443,663.0,10.4667999724195,2.30566534914361
5088,865,4151,2020-04-15,178,38,438.0,305,KP,211,358.0,20.838352204288125,4.393063583815029
4473,140,4473,2020-04-15,17,1,106.0,120,ICT,16,120.0,3.1298904538341157,0.7142857142857143
1742,234,1618,2020-04-15,175,3,51.0,98,GB,5,55.0,14.462299134734241,1.282051282051282
4298,240,4100,2020-04-15,137,2,81.0,95,Balochistan,20,88.0,5.853658536585367,0.8333333333333334
1029,46,1029,2020-04-15,4,0,0.0,37,AJK,42,37.0,4.470359572400389,0.0
27803,3217,46561,2020-04-16,550,34,1877.0,3077,Punjab,756,2996.0,6.909215867356801,1.056885296860429
5410,912,4524,2020-04-16,191,42,468.0,322,KP,211,373.0,20.159151193633953,4.605263157894736
4824,145,4824,2020-04-16,17,1,110.0,351,ICT,17,351.0,3.005804311774461,0.6896551724137931
16026,1668,16026,2020-04-16,560,41,748.0,1523,Sindh,319,1523.0,10.408086858854363,2.4580335731414866
4370,280,4299,2020-04-16,140,3,112.0,72,Balochistan,25,199.0,6.513142591300303,1.0714285714285714
1081,46,1081,2020-04-16,9,0,0.0,52,AJK,37,52.0,4.25531914893617,0.0
1839,237,1664,2020-04-16,178,3,51.0,97,GB,5,46.0,14.242788461538462,1.2658227848101267
1135,46,1135,2020-04-17,9,0,0.0,54,AJK,37,54.0,4.052863436123348,0.0
4490,303,4427,2020-04-17,142,5,123.0,120,Balochistan,33,128.0,6.844364129207138,1.65016501650165
1932,245,1826,2020-04-17,183,3,54.0,93,GB,5,162.0,13.417305585980285,1.2244897959183674
5150,154,5150,2020-04-17,20,1,111.0,326,ICT,22,326.0,2.9902912621359223,0.6493506493506493
5758,993,4885,2020-04-17,205,45,513.0,348,KP,230,361.0,20.327533265097237,4.531722054380665
29326,3276,48381,2020-04-17,630,36,1843.0,1523,Punjab,767,2359.0,6.771253177900416,1.098901098901099
18900,2008,18900,2020-04-17,576,45,1120.0,2874,Sindh,267,2874.0,10.624338624338623,2.2410358565737054
6140,1077,5311,2020-04-18,216,50,531.0,382,KP,280,426.0,20.278666917717945,4.642525533890436
31245,3391,52478,2020-04-18,672,37,1895.0,1919,Punjab,787,2647.0,6.4617554022638055,1.091123562370982
21272,2217,21272,2020-04-18,581,47,872.0,2372,Sindh,717,2372.0,10.422151184655885,2.119981957600361
5479,163,5479,2020-04-18,20,1,129.0,329,ICT,13,329.0,2.974995437123563,0.6134969325153374
5025,335,4812,2020-04-18,142,5,148.0,535,Balochistan,40,385.0,6.961762261014131,1.4925373134328357
2313,250,2021,2020-04-18,192,3,50.0,381,GB,5,217.0,12.370113805047007,1.2
1175,48,1175,2020-04-18,9,0,0.0,40,AJK,39,40.0,4.085106382978723,0.0
22938,2355,22938,2020-04-19,592,48,951.0,1666,Sindh,764,1666.0,10.266806173162438,2.038216560509554
1229,48,1229,2020-04-19,9,0,0.0,54,AJK,39,54.0,3.9056143205858422,0.0
5485,376,5085,2020-04-19,144,5,176.0,460,Balochistan,51,273.0,7.394296951819075,1.3297872340425532
2429,257,2169,2020-04-19,193,3,56.0,116,GB,5,2021.0,11.848778238819731,1.1673151750972763
5857,171,5857,2020-04-19,20,2,134.0,378,ICT,15,378.0,2.9195834044732796,1.1695906432748537
6531,1137,6003,2020-04-19,226,60,557.0,391,KP,294,692.0,18.940529735132433,5.277044854881266
33199,3649,55241,2020-04-19,684,41,1932.0,1954,Punjab,992,2763.0,6.605600912365815,1.1235955056179776
24458,2537,24458,2020-04-20,625,56,1065.0,1520,Sindh,791,1520.0,10.372884127892714,2.207331493890422
34084,3721,58304,2020-04-20,702,42,1975.0,885,Punjab,1002,2156.0,6.38206641053787,1.1287288363343186
7090,1235,6544,2020-04-20,267,67,605.0,559,KP,296,541.0,18.87224938875306,5.425101214574899
1275,49,1275,2020-04-20,10,0,0.0,46,AJK,39,46.0,3.8431372549019605,0.0
2657,263,2430,2020-04-20,194,3,62.0,228,GB,4,261.0,10.82304526748971,1.1406844106463878
5793,432,5315,2020-04-20,152,5,207.0,308,Balochistan,68,230.0,8.12793979303857,1.1574074074074074
5976,181,5976,2020-04-20,20,3,142.0,119,ICT,16,119.0,3.0287817938420347,1.6574585635359116
8340,1276,9360,2020-04-21,297,74,577.0,755,KP,328,579.0,13.632478632478632,5.799373040752351
35890,4195,60649,2020-04-21,742,45,2257.0,1806,Punjab,1151,2345.0,6.916849412191463,1.0727056019070322
26058,2764,26058,2020-04-21,635,61,1223.0,1600,Sindh,845,1600.0,10.607107222350141,2.206946454413893
6224,185,6224,2020-04-21,20,3,148.0,248,ICT,14,248.0,2.9723650385604112,1.6216216216216217
6391,465,5636,2020-04-21,161,6,231.0,598,Balochistan,67,321.0,8.25053229240596,1.2903225806451613
1355,50,1355,2020-04-21,16,0,0.0,80,AJK,34,80.0,3.6900369003690034,0.0
2827,281,2604,2020-04-21,195,3,79.0,170,GB,4,174.0,10.791090629800307,1.0676156583629894
38965,4590,66030,2020-04-22,790,58,21452.0,1812,Punjab,1290,2635.0,6.951385733757383,1.263616557734205
9828,1453,10837,2020-04-22,414,83,605.0,704,KP,351,1009.0,13.407769677955153,5.712319339298004
6931,204,6931,2020-04-22,26,3,167.0,483,ICT,8,483.0,2.9432982253643054,1.4705882352941175
30346,3373,30346,2020-04-22,715,69,1579.0,2097,Sindh,1010,2097.0,11.115138733276215,2.045656685443226
7650,552,6130,2020-04-22,168,8,294.0,619,Balochistan,82,329.0,9.00489396411093,1.4492753623188406
1416,51,1416,2020-04-22,23,0,0.0,6,AJK,28,6.0,3.6016949152542375,0.0
3047,290,2859,2020-04-22,201,3,76.0,118,GB,10,141.0,10.143406785589367,1.0344827586206897
1471,55,1471,2020-04-23,0,0,0.0,55,AJK,30,55.0,3.7389530931339223,0.0
8358,607,6504,2020-04-23,346,8,0.0,708,Balochistan,79,374.0,9.332718327183272,1.3179571663920924
3239,300,2998,2020-04-23,75,3,0.0,192,GB,10,182.0,10.00667111407605,1.0
7519,214,7519,2020-04-23,173,3,0.0,588,ICT,12,588.0,2.8461231546748236,1.4018691588785046
10954,1541,11963,2020-04-23,628,85,0.0,1126,KP,373,1126.0,12.88138426816016,5.515898767034393
40157,4767,67882,2020-04-23,2497,65,0.0,1192,Punjab,1300,1832.0,7.022480186205474,1.3635410111181034
33028,3671,33028,2020-04-23,1805,73,0.0,2682,Sindh,1063,2682.0,11.114811674942473,1.9885589757559248
41126,5046,69971,2020-04-24,2577,73,20.0,969,Punjab,1331,2089.0,7.21155907447371,1.4466904478795084
35582,3945,35582,2020-04-24,1893,75,14.0,2554,Sindh,1205,2554.0,11.087066494294868,1.9011406844106464
12100,1708,13109,2020-04-24,738,89,12.0,1146,KP,409,1146.0,13.029216568769547,5.210772833723654
1522,55,1522,2020-04-24,0,0,0.0,51,AJK,27,51.0,3.613666228646518,0.0
3434,307,3162,2020-04-24,81,3,0.0,195,GB,10,164.0,9.709044908285895,0.9771986970684038
8794,656,6742,2020-04-24,393,10,0.0,436,Balochistan,77,236.0,9.730050430139423,1.524390243902439
8059,223,8059,2020-04-24,177,3,0.0,540,ICT,14,540.0,2.767092691400918,1.345291479820628
1588,55,1588,2020-04-25,0,0,0.0,66,AJK,23,66.0,3.4634760705289676,0.0
10404,722,7212,2020-04-25,449,11,0.0,1610,Balochistan,86,470.0,10.011092623405435,1.5235457063711912
3591,308,3273,2020-04-25,79,3,0.0,157,GB,10,111.0,9.410326917201346,0.974025974025974
8455,235,8455,2020-04-25,188,3,0.0,396,ICT,15,396.0,2.7794204612655236,1.276595744680851
12921,1793,13930,2020-04-25,760,93,10.0,821,KP,455,821.0,12.871500358937546,5.186837702175126
42456,5378,71726,2020-04-25,2577,81,25.0,1330,Punjab,1594,1755.0,7.497978417867998,1.506136110078096
38181,4232,38181,2020-04-25,2146,78,14.0,2599,Sindh,1206,2599.0,11.084047039103218,1.8431001890359167
42456,5378,71726,2020-04-26,1126,81,2577.0,1330,Punjab,1594,1755.0,7.497978417867998,1.506136110078096
12921,1793,13930,2020-04-26,485,93,760.0,821,KP,455,821.0,12.871500358937546,5.186837702175126
8455,235,8455,2020-04-26,29,3,188.0,396,ICT,15,396.0,2.7794204612655236,1.276595744680851
38181,4232,38181,2020-04-26,802,78,2146.0,2599,Sindh,1206,2599.0,11.084047039103218,1.8431001890359167
10404,722,7212,2020-04-26,176,11,449.0,1610,Balochistan,86,470.0,10.011092623405435,1.5235457063711912
1588,55,1588,2020-04-26,32,0,0.0,66,AJK,23,66.0,3.4634760705289676,0.0
3591,308,3273,2020-04-26,216,3,79.0,157,GB,10,111.0,9.410326917201346,0.974025974025974
42684,5446,73226,2020-04-27,1183,83,2578.0,228,Punjab,1602,1500.0,7.437249064539918,1.524054351817848
13880,1864,14889,2020-04-27,515,98,767.0,959,KP,484,959.0,12.519309557391361,5.257510729613734
8753,245,8753,2020-04-27,29,3,198.0,298,ICT,15,298.0,2.799040329030047,1.2244897959183674
41216,4615,41216,2020-04-27,872,81,2432.0,3035,Sindh,1230,3035.0,11.197107919254657,1.7551462621885159
11279,781,7582,2020-04-27,176,13,502.0,875,Balochistan,90,370.0,10.300712213136375,1.6645326504481435
1692,59,1692,2020-04-27,35,0,0.0,104,AJK,24,104.0,3.486997635933806,0.0
3675,318,3398,2020-04-27,219,3,86.0,84,GB,10,125.0,9.358446144791053,0.9433962264150944
1713,65,1713,2020-04-28,35,0,0.0,21,AJK,30,21.0,3.794512551079977,0.0
12337,853,7991,2020-04-28,176,14,570.0,1058,Balochistan,93,409.0,10.674508822425228,1.6412661195779603
3736,320,3515,2020-04-28,222,3,85.0,61,GB,10,117.0,9.103840682788052,0.9375
9247,261,9247,2020-04-28,36,4,203.0,494,ICT,18,494.0,2.8225370390396884,1.532567049808429
14728,1984,15737,2020-04-28,533,104,847.0,848,KP,500,848.0,12.607231365571584,5.241935483870968
44999,5640,75071,2020-04-28,1306,91,2579.0,2315,Punjab,1664,1845.0,7.51288779954976,1.6134751773049645
43949,4956,43949,2020-04-28,925,85,2705.0,2733,Sindh,1241,2733.0,11.276707092311543,1.715092816787732
15540,2160,16549,2020-04-29,562,114,988.0,812,KP,496,812.0,13.05214816605233,5.277777777777778
47151,5827,77619,2020-04-29,1427,100,2581.0,2152,Punjab,1719,2548.0,7.507182519743877,1.716148961729878
9705,297,9705,2020-04-29,36,4,238.0,458,ICT,19,458.0,3.060278207109737,1.3468013468013467
48061,5291,48061,2020-04-29,963,92,2913.0,4112,Sindh,1323,4112.0,11.008926156342982,1.7388017388017387
13286,915,8504,2020-04-29,176,14,632.0,949,Balochistan,93,513.0,10.75964252116651,1.530054644808743
3933,330,3647,2020-04-29,224,3,94.0,197,GB,9,132.0,9.048533040855498,0.9090909090909091
1826,65,1826,2020-04-29,37,0,0.0,113,AJK,28,113.0,3.5596933187294635,0.0
51790,5695,51790,2020-04-30,1169,100,3187.0,3729,Sindh,1239,3729.0,10.996331338096157,1.755926251097454
1958,66,1958,2020-04-30,37,0,0.0,132,AJK,29,132.0,3.3707865168539324,0.0
14187,978,8820,2020-04-30,180,14,696.0,901,Balochistan,88,316.0,11.088435374149661,1.4314928425357873
4176,333,3791,2020-04-30,228,3,92.0,243,GB,10,144.0,8.783962015299393,0.9009009009009009
10435,313,10435,2020-04-30,44,4,244.0,730,ICT,21,730.0,2.9995208433157643,1.2779552715654952
16443,2313,17452,2020-04-30,614,122,1001.0,903,KP,576,903.0,13.253495301398122,5.27453523562473
49573,6061,79914,2020-04-30,1780,103,2581.0,2422,Punjab,1597,2295.0,7.584403233475986,1.6993895396799206
54377,6053,54377,2020-05-01,1222,112,3473.0,2587,Sindh,1246,2587.0,11.13154458686577,1.8503221543036512
53262,6340,82651,2020-05-01,1921,106,2610.0,3689,Punjab,1703,2737.0,7.670808580658431,1.6719242902208202
17495,2627,18504,2020-05-01,654,146,1211.0,1052,KP,616,1052.0,14.196930393428447,5.55767034640274
2038,66,2038,2020-05-01,43,0,0.0,80,AJK,23,80.0,3.23846908734053,0.0
4370,339,3932,2020-05-01,248,3,78.0,194,GB,10,141.0,8.621566632756867,0.8849557522123894
15335,1049,9435,2020-05-01,183,14,762.0,1148,Balochistan,90,615.0,11.118177000529942,1.334604385128694
11194,343,11194,2020-05-01,44,4,277.0,759,ICT,18,759.0,3.064141504377345,1.1661807580174928
18480,2799,19489,2020-05-02,1322,161,12.0,985,KP,626,985.0,14.361947765406127,5.752054305108968
56722,6733,88899,2020-05-02,2610,115,6.0,3460,Punjab,1803,3684.0,7.573763484403649,1.7080053467993466
57761,6675,57761,2020-05-02,4044,118,16.0,3384,Sindh,1218,3384.0,11.556240369799692,1.7677902621722845
11689,365,11689,2020-05-02,302,4,0.0,495,ICT,15,495.0,3.1225938916930445,1.095890410958904
15653,1136,9821,2020-05-02,847,16,1.0,318,Balochistan,90,386.0,11.567050198554119,1.4084507042253522
2054,66,2054,2020-05-02,0,0,0.0,16,AJK,23,16.0,3.213242453748783,0.0
4590,340,4146,2020-05-02,72,3,0.0,220,GB,10,214.0,8.200675349734684,0.8823529411764706
67908,7524,96854,2020-05-04,2775,124,7.0,6021,Punjab,1958,4232.0,7.768393664691185,1.648059542796385
20900,3129,21909,2020-05-04,1535,180,9.0,1338,KP,603,1338.0,14.28180199917842,5.752636625119846
12704,415,12704,2020-05-04,339,4,2.0,415,ICT,16,415.0,3.266687657430731,0.9638554216867471
64052,7465,64052,2020-05-04,4638,130,17.0,3032,Sindh,1142,3032.0,11.654593143071255,1.7414601473543203
15927,1218,10326,2020-05-04,917,21,0.0,92,Balochistan,83,317.0,11.79546775130738,1.7241379310344827
2227,71,2227,2020-05-04,0,0,0.0,42,AJK,27,42.0,3.1881454872025143,0.0
5069,364,4439,2020-05-04,91,3,0.0,268,GB,10,146.0,8.20004505519261,0.8241758241758242
2281,71,2281,2020-05-05,0,0,0.0,54,AJK,22,54.0,3.1126698816308638,0.0
16110,1321,10633,2020-05-05,1014,21,2.0,183,Balochistan,89,271.0,12.423586946299258,1.5897047691143074
5160,372,4581,2020-05-05,80,3,0.0,91,GB,10,142.0,8.120497707924033,0.8064516129032258
13697,464,13697,2020-05-05,383,4,4.0,993,ICT,21,993.0,3.387603124771848,0.8620689655172413
21683,3288,22692,2020-05-05,1578,185,14.0,783,KP,669,783.0,14.489687995769435,5.626520681265207
74533,8103,101897,2020-05-05,2779,136,7.0,6625,Punjab,2472,5043.0,7.952147757048785,1.67839071948661
66623,7882,66623,2020-05-05,4994,137,16.0,2571,Sindh,1122,2571.0,11.83074914068715,1.738137528546054
22553,3499,23562,2020-05-06,875,194,1797.0,915,KP,633,870.0,14.85018249724132,5.544441268933982
79911,8420,106927,2020-05-06,3073,156,2779.0,5378,Punjab,2412,5030.0,7.874531222235731,1.852731591448931
14585,485,14585,2020-05-06,56,4,407.0,888,ICT,18,888.0,3.32533424751457,0.8247422680412372
69973,8189,68873,2020-05-06,1671,148,5139.0,3350,Sindh,1231,2250.0,11.890000435584335,1.807302478935157
16334,1495,11496,2020-05-06,206,21,1201.0,224,Balochistan,67,863.0,13.004523312456506,1.4046822742474918
5284,386,4748,2020-05-06,282,3,79.0,124,GB,22,167.0,8.129738837405224,0.7772020725388601
2391,76,2391,2020-05-06,54,0,0.0,110,AJK,22,110.0,3.178586365537432,0.0
2471,76,2471,2020-05-07,57,0,0.0,80,AJK,19,80.0,3.075677863213274,0.0
16470,1659,12289,2020-05-07,209,22,1361.0,136,Balochistan,67,793.0,13.4998779396208,1.3261000602772754
5565,388,4876,2020-05-07,288,3,76.0,281,GB,21,128.0,7.957342083675144,0.7731958762886598
15607,521,15607,2020-05-07,56,4,442.0,1022,ICT,19,1022.0,3.338245658999167,0.7677543186180422
23975,3712,24984,2020-05-07,939,203,1899.0,1422,KP,671,1422.0,14.857508805635607,5.46875
86398,9077,112007,2020-05-07,3184,175,2779.0,6487,Punjab,2939,5080.0,8.103957788352515,1.9279497631376006
72544,8640,72544,2020-05-07,1731,157,5528.0,2571,Sindh,1224,3671.0,11.910013233348037,1.8171296296296298
76078,9093,76078,2020-05-08,1853,171,5858.0,3534,Sindh,1211,3534.0,11.952206945503299,1.8805674694820191
92781,10033,117206,2020-05-08,4062,183,2779.0,6383,Punjab,3009,5199.0,8.56014197225398,1.8239808631516
25522,3956,26531,2020-05-08,984,209,2059.0,1547,KP,704,1547.0,14.910858995137763,5.283114256825075
2518,78,2518,2020-05-08,58,0,0.0,47,AJK,20,47.0,3.0976965845909454,0.0
5658,394,5007,2020-05-08,292,3,86.0,93,GB,13,131.0,7.86898342320751,0.7614213197969544
16705,1725,13241,2020-05-08,209,24,1448.0,235,Balochistan,44,952.0,13.02771693980817,1.391304347826087
16666,558,16666,2020-05-08,72,4,464.0,1059,ICT,18,1059.0,3.3481339253570144,0.7168458781362007
96701,10471,121194,2020-05-09,4131,191,2779.0,3920,Punjab,3370,3988.0,8.63986666006568,1.8240855696686085
81610,9691,81610,2020-05-09,1940,175,6422.0,5532,Sindh,1154,5532.0,11.874770248744026,1.8057991951295018
26981,4327,27990,2020-05-09,1033,221,2267.0,1459,KP,806,1459.0,15.459092533047517,5.107464756182113
17657,609,17657,2020-05-09,72,4,504.0,991,ICT,29,991.0,3.449057031205754,0.6568144499178982
5886,421,5135,2020-05-09,298,3,108.0,228,GB,12,128.0,8.198636806231743,0.7125890736342043
16822,1876,13771,2020-05-09,222,24,1586.0,117,Balochistan,44,530.0,13.622830586014087,1.279317697228145
2668,79,2668,2020-05-09,60,0,0.0,150,AJK,19,150.0,2.9610194902548725,0.0
101371,11093,125988,2020-05-10,4240,192,2779.0,4670,Punjab,3882,4794.0,8.804806806997492,1.730821238618949
28193,4509,29202,2020-05-10,1086,234,2587.0,1212,KP,602,1212.0,15.440723238134375,5.189620758483033
18755,641,18755,2020-05-10,72,5,535.0,1098,ICT,29,1098.0,3.417755265262597,0.7800312012480499
87108,10771,87108,2020-05-10,2020,180,7432.0,5498,Sindh,1139,5498.0,12.365109978417596,1.6711540246959429
16944,1935,14374,2020-05-10,242,24,1641.0,122,Balochistan,28,603.0,13.461806038680951,1.2403100775193798
2780,86,2780,2020-05-10,60,0,0.0,112,AJK,26,112.0,3.093525179856115,0.0
5983,430,5310,2020-05-10,303,4,110.0,97,GB,13,175.0,8.097928436911488,0.9302325581395349
2854,86,2854,2020-05-11,64,0,0.0,74,AJK,22,74.0,3.0133146461107216,0.0
17237,2017,14687,2020-05-11,242,26,1721.0,293,Balochistan,28,313.0,13.733233471777762,1.2890431333663859
6060,442,5480,2020-05-11,304,4,129.0,77,GB,5,170.0,8.065693430656934,0.904977375565611
19532,679,19532,2020-05-11,72,6,573.0,777,ICT,28,777.0,3.4763465082940814,0.8836524300441826
29463,4669,30472,2020-05-11,1126,245,2657.0,1270,KP,641,1270.0,15.32226306117091,5.247376311844078
103904,11568,130546,2020-05-11,4323,197,2779.0,2533,Punjab,4269,4558.0,8.861244312349669,1.7029737206085753
91323,11480,91323,2020-05-11,2081,189,7973.0,4215,Sindh,1237,4215.0,12.57076530556377,1.6463414634146343
30597,4875,31606,2020-05-12,2713,257,2713.0,1134,KP,649,1134.0,15.424286527874454,5.271794871794872
107603,11869,135114,2020-05-12,2784,211,2784.0,3699,Punjab,4422,4568.0,8.784433885459686,1.7777403319571994
95053,12017,95053,2020-05-12,8178,200,8178.0,3730,Sindh,1490,3730.0,12.642420544327901,1.6643088957310477
20201,716,20201,2020-05-12,602,6,602.0,669,ICT,36,669.0,3.544378991139052,0.8379888268156425
17514,2061,15323,2020-05-12,1761,27,1761.0,277,Balochistan,31,636.0,13.450368726750636,1.3100436681222707
6213,457,5619,2020-05-12,121,4,121.0,153,GB,12,139.0,8.133119772201459,0.87527352297593
2935,86,2935,2020-05-12,0,1,0.0,81,AJK,21,81.0,2.93015332197615,1.1627906976744187
99117,12610,99117,2020-05-13,8668,218,8668.0,4064,Sindh,1495,4064.0,12.722338246718525,1.7287866772402856
3037,88,3037,2020-05-13,0,1,0.0,102,AJK,19,102.0,2.8975963121501485,1.1363636363636365
17781,2158,15751,2020-05-13,1844,27,1844.0,267,Balochistan,31,428.0,13.700717414767317,1.2511584800741427
6224,475,5748,2020-05-13,127,4,127.0,11,GB,13,129.0,8.26374391092554,0.8421052631578947
21257,759,21257,2020-05-13,632,6,632.0,1056,ICT,29,1056.0,3.57058851201957,0.7905138339920948
31568,5021,32577,2020-05-13,2860,267,2860.0,971,KP,589,971.0,15.412714491819383,5.3176658036247755
114762,13225,140212,2020-05-13,2780,214,2780.0,7159,Punjab,5700,5098.0,9.432145608079194,1.618147448015123
103343,13341,103343,2020-05-14,2835,234,8840.0,4226,Sindh,1432,-4487.0,12.909437504233475,1.7539914549134248
121329,13561,145577,2020-05-14,4636,223,2790.0,6567,Punjab,5912,-5670.0,9.315345143807058,1.6444215028390237
33253,5252,34352,2020-05-14,1392,275,3013.0,1685,KP,572,-1553.0,15.288775034932463,5.236100533130236
3245,91,3245,2020-05-14,69,1,0.0,208,AJK,21,-166.0,2.8043143297380584,1.098901098901099
6396,482,5884,2020-05-14,337,4,129.0,172,GB,12,-143.0,8.191706322229777,0.8298755186721992
17910,2239,16062,2020-05-14,326,27,1855.0,129,Balochistan,31,-539.0,13.939733532561323,1.205895489057615
22287,822,22287,2020-05-14,100,6,690.0,1030,ICT,26,-1122.0,3.6882487548795266,0.7299270072992701
34806,5423,35905,2020-05-15,1505,284,3087.0,1553,KP,547,3328.0,15.103745996379333,5.236953715655542
126538,13914,151247,2020-05-15,4720,234,2780.0,5209,Punjab,6180,11035.0,9.199521312819428,1.6817593790426906
107830,14099,107830,2020-05-15,3073,243,9307.0,4487,Sindh,1476,8713.0,13.075210980246684,1.7235264912405135
23409,866,23409,2020-05-15,100,7,734.0,1122,ICT,25,2152.0,3.699431842453757,0.8083140877598153
18255,2310,16601,2020-05-15,342,30,1907.0,345,Balochistan,31,850.0,13.914824408168183,1.2987012987012987
3411,105,3411,2020-05-15,76,1,0.0,166,AJK,28,374.0,3.0782761653474053,0.9523809523809524
6573,501,6027,2020-05-15,339,4,141.0,177,GB,17,279.0,8.312593330014932,0.7984031936127743
132593,14201,157226,2020-05-16,4757,245,2781.0,6055,Punjab,6418,11649.0,9.03222113390915,1.7252306175621437
36443,5678,37452,2020-05-16,1613,291,3252.0,1637,KP,522,3100.0,15.160739079354906,5.125044029587883
24367,921,24367,2020-05-16,100,7,784.0,958,ICT,30,2080.0,3.7797020560594246,0.760043431053203
113396,14916,113396,2020-05-16,3606,255,9651.0,5566,Sindh,1404,10053.0,13.153903135913083,1.7095736122284793
18609,2457,17078,2020-05-16,383,31,2011.0,354,Balochistan,32,1016.0,14.38693055392903,1.2617012617012617
3572,108,3572,2020-05-16,76,1,0.0,161,AJK,31,327.0,3.0235162374020157,0.9259259259259258
6660,518,6173,2020-05-16,345,4,145.0,87,GB,24,289.0,8.391381824072575,0.7722007722007722
3758,112,3758,2020-05-17,77,1,0.0,186,AJK,34,347.0,2.9803086748270355,0.8928571428571428
18627,2544,17663,2020-05-17,417,36,2059.0,18,Balochistan,32,1062.0,14.402989299665968,1.4150943396226416
6808,527,6356,2020-05-17,348,4,154.0,148,GB,21,329.0,8.29137822529893,0.7590132827324478
25385,947,25385,2020-05-17,113,7,805.0,1018,ICT,22,1976.0,3.730549537128226,0.7391763463569165
37913,5847,38992,2020-05-17,1699,305,3469.0,1470,KP,374,3087.0,14.99538366844481,5.21635026509321
138511,14584,163466,2020-05-17,4883,252,2832.0,5918,Punjab,6617,12219.0,8.921732959759215,1.7279210093252881
117860,15590,117860,2020-05-17,3804,268,10253.0,4464,Sindh,1265,10030.0,13.227558119803156,1.7190506735086593
122894,16337,122894,2020-05-18,4209,277,10445.0,5034,Sindh,1406,9498.0,13.29357006851433,1.6955377364265163
142864,15346,168940,2020-05-18,4918,260,2780.0,4353,Punjab,7388,11714.0,9.083698354445366,1.694252573960641
39321,6061,40410,2020-05-18,1783,318,3440.0,1408,KP,520,2958.0,14.99876268250433,5.246658967167135
18801,2692,18021,2020-05-18,454,36,2176.0,174,Balochistan,26,943.0,14.938127739859052,1.337295690936107
6929,540,6517,2020-05-18,368,4,142.0,121,GB,26,344.0,8.286021175387448,0.7407407407407408
3947,112,3947,2020-05-18,77,1,0.0,189,AJK,34,375.0,2.837598175829744,0.8928571428571428
26606,997,26606,2020-05-18,113,7,846.0,1221,ICT,31,2239.0,3.7472750507404347,0.7021063189568706
4090,115,4090,2020-05-19,77,1,0.0,143,AJK,37,332.0,2.8117359413202934,0.8695652173913043
19029,2820,18438,2020-05-19,524,38,2224.0,228,Balochistan,34,775.0,15.294500488122356,1.3475177304964538
6985,550,6636,2020-05-19,368,4,156.0,56,GB,22,280.0,8.288125376732971,0.7272727272727273
27425,1034,27425,2020-05-19,113,9,890.0,819,ICT,22,2040.0,3.7702825888787603,0.8704061895551257
40721,6230,41825,2020-05-19,1944,334,3474.0,1400,KP,478,2833.0,14.89539748953975,5.36115569823435
148621,15976,174305,2020-05-19,4974,273,2780.0,5757,Punjab,7949,10839.0,9.165543157109663,1.7088132198297448
127573,17241,127573,2020-05-19,4489,280,11095.0,4679,Sindh,1377,9713.0,13.514615161515367,1.6240357287860334
155679,16685,180540,2020-05-20,5076,289,2782.0,7058,Punjab,8538,11600.0,9.24171928658469,1.732094695834582
42121,6554,43329,2020-05-20,2058,345,3639.0,1400,KP,512,2919.0,15.126127997415125,5.26396093988404
29033,1138,29033,2020-05-20,151,9,948.0,1608,ICT,30,2427.0,3.9196776082389007,0.7908611599297013
131376,17947,131376,2020-05-20,4741,299,11373.0,3803,Sindh,1534,8482.0,13.66079040311777,1.6660166044464255
19381,2885,19003,2020-05-20,608,38,2200.0,352,Balochistan,39,982.0,15.181813397884545,1.317157712305026
4242,133,4242,2020-05-20,77,1,0.0,152,AJK,55,295.0,3.1353135313531353,0.7518796992481203
7071,556,6731,2020-05-20,390,4,142.0,86,GB,20,214.0,8.260288218689645,0.7194244604316548
162669,17382,185979,2020-05-21,5112,297,3255.0,6990,Punjab,8718,11674.0,9.346216508315456,1.7086641353123921
43623,6815,44973,2020-05-21,2130,351,3799.0,1502,KP,535,3148.0,15.153536566384277,5.150403521643434
30364,1235,30364,2020-05-21,151,10,1039.0,1331,ICT,35,2939.0,4.067316559083125,0.8097165991902834
137540,18964,137540,2020-05-21,5645,316,11516.0,6164,Sindh,1487,9967.0,13.787988948669478,1.6663151233916893
19394,2968,19345,2020-05-21,636,38,2259.0,13,Balochistan,35,907.0,15.342465753424658,1.280323450134771
4470,148,4470,2020-05-21,79,1,0.0,228,AJK,68,380.0,3.3109619686800893,0.6756756756756757
7178,579,6928,2020-05-21,402,4,151.0,107,GB,22,292.0,8.357390300230946,0.690846286701209
4659,158,4659,2020-05-22,79,1,0.0,189,AJK,78,417.0,3.391285683623095,0.6329113924050633
19698,3074,19888,2020-05-22,724,39,2253.0,304,Balochistan,58,885.0,15.456556717618664,1.2687052700065062
7310,602,7099,2020-05-22,412,4,161.0,132,GB,25,368.0,8.480067615157065,0.6644518272425249
32126,1326,32126,2020-05-22,151,12,1129.0,1762,ICT,34,3093.0,4.127497976716678,0.904977375565611
45049,7155,46762,2020-05-22,2198,365,4172.0,1426,KP,420,3433.0,15.300885334245756,5.101327742837177
165801,18455,191910,2020-05-22,5312,310,3415.0,3132,Punjab,9418,11370.0,9.61648689489865,1.6797615822270389
143543,19924,143543,2020-05-22,6325,336,11735.0,6003,Sindh,1528,12167.0,13.880161345380825,1.6864083517365993
46279,7391,48348,2020-05-23,2297,381,4248.0,1230,KP,465,3375.0,15.287085298254322,5.15491814368827
169603,18730,197225,2020-05-23,5906,324,10374.0,3802,Punjab,2126,11246.0,9.496767651159843,1.7298451681793912
32964,1457,32964,2020-05-23,152,12,1260.0,838,ICT,33,2600.0,4.419973304210654,0.8236101578586137
149566,20883,149566,2020-05-23,7015,340,11895.0,6023,Sindh,1633,12026.0,13.962397871173929,1.6281185653402288
19980,3198,20383,2020-05-23,762,39,2339.0,282,Balochistan,58,1038.0,15.689545209242997,1.2195121951219512
7540,607,7338,2020-05-23,427,4,150.0,230,GB,26,410.0,8.27200872172254,0.6589785831960462
4868,171,4868,2020-05-23,94,1,0.0,209,AJK,76,398.0,3.5127362366474935,0.5847953216374269
153902,21645,153902,2020-05-24,7213,354,12424.0,4336,Sindh,1654,10359.0,14.064144715468284,1.6354816354816355
5103,197,5103,2020-05-24,97,1,0.0,235,AJK,99,444.0,3.8604742308446007,0.5076142131979695
19998,3306,20987,2020-05-24,860,39,2346.0,18,Balochistan,61,1099.0,15.75260875780245,1.17967332123412
7780,619,7443,2020-05-24,430,4,161.0,240,GB,24,344.0,8.316539029961037,0.6462035541195477
33936,1592,33936,2020-05-24,152,14,1396.0,972,ICT,30,1810.0,4.691183404054692,0.8793969849246231
47431,7685,49780,2020-05-24,2396,389,4497.0,1152,KP,403,3018.0,15.437926878264363,5.061808718282369
175007,19557,202456,2020-05-24,6050,332,11215.0,5404,Punjab,1960,10546.0,9.659876713952661,1.6976018816791942
157449,22491,157449,2020-05-25,7359,367,13094.0,3547,Sindh,1671,7883.0,14.284625497780235,1.6317638166377662
178178,20077,206041,2020-05-25,6091,337,11596.0,3171,Punjab,2053,8816.0,9.744177129794556,1.6785376301240225
48476,7905,51587,2020-05-25,2469,398,4637.0,1045,KP,401,3239.0,15.3236280458255,5.034788108791903
5225,209,5225,2020-05-25,99,2,0.0,122,AJK,108,357.0,4.0,0.9569377990430622
7827,619,7574,2020-05-25,437,7,151.0,47,GB,24,236.0,8.172696065487193,1.1308562197092082
19998,3407,21401,2020-05-25,875,40,2415.0,0,Balochistan,77,1018.0,15.919816830989205,1.174053419430584
34379,1641,34379,2020-05-25,152,16,1442.0,443,ICT,31,1415.0,4.773262747607551,0.9750152346130408
49025,8080,52783,2020-05-26,2529,408,4743.0,549,KP,400,3003.0,15.307959001951385,5.0495049504950495
180538,20654,209270,2020-05-26,6124,352,12041.0,2360,Punjab,2137,6814.0,9.869546518851244,1.7042703592524449
159301,22934,159301,2020-05-26,7973,369,12943.0,1852,Sindh,1649,5399.0,14.396645344348121,1.6089648556728002
34964,1728,34964,2020-05-26,152,17,1527.0,585,ICT,32,1028.0,4.942226289898181,0.9837962962962963
20352,3468,21597,2020-05-26,993,41,2357.0,354,Balochistan,77,610.0,16.057785803583833,1.182237600922722
5341,211,5341,2020-05-26,99,2,0.0,116,AJK,110,238.0,3.950571054109717,0.9478672985781991
8086,630,7652,2020-05-26,444,8,154.0,259,GB,24,209.0,8.233141662310507,1.2698412698412698
182977,21118,213297,2020-05-27,6185,362,12394.0,2439,Punjab,2177,7256.0,9.90074872126659,1.7141774789279287
49627,8259,53917,2020-05-27,2578,416,4862.0,602,KP,403,2330.0,15.317988760502255,5.036929410340235
35551,1879,35551,2020-05-27,152,18,1678.0,587,ICT,31,1172.0,5.285364687350567,0.9579563597658328
161628,23507,161628,2020-05-27,8515,374,12931.0,2327,Sindh,1687,4179.0,14.543890909990843,1.5910154422087037
20574,3536,21866,2020-05-27,1156,42,2229.0,222,Balochistan,109,465.0,16.171224732461358,1.1877828054298643
5379,214,5379,2020-05-27,99,4,0.0,38,AJK,111,154.0,3.9784346532812793,1.8691588785046727
8175,638,7761,2020-05-27,457,9,148.0,89,GB,24,187.0,8.220590130137868,1.4106583072100314
5501,219,5501,2020-05-28,99,5,0.0,122,AJK,115,160.0,3.9810943464824575,2.28310502283105
21151,3616,22200,2020-05-28,1289,42,2170.0,577,Balochistan,115,603.0,16.28828828828829,1.1615044247787611
8175,651,7945,2020-05-28,463,9,155.0,0,GB,24,293.0,8.193832599118943,1.3824884792626728
36108,2015,36108,2020-05-28,152,19,1808.0,557,ICT,36,1144.0,5.580480779882575,0.9429280397022334
50268,8483,54801,2020-05-28,2632,425,5030.0,641,KP,396,2018.0,15.479644532034087,5.01002004008016
187376,22037,217726,2020-05-28,6326,381,13036.0,4399,Punjab,2294,8456.0,10.121437035540083,1.7289104687570902
164805,24206,163805,2020-05-28,9270,380,12836.0,3177,Sindh,1720,4504.0,14.7773266994292,1.5698587127158554
51408,8842,55881,2020-05-29,2693,432,5301.0,1140,KP,416,1964.0,15.822909396753815,4.88577244967202
167906,25309,167906,2020-05-29,11190,396,12146.0,3101,Sindh,1577,6278.0,15.073314830917298,1.5646607926034217
36713,2100,36713,2020-05-29,161,22,1878.0,605,ICT,39,1162.0,5.7200446708250485,1.0476190476190477
193228,22964,223074,2020-05-29,6338,410,13888.0,5852,Punjab,2328,9777.0,10.294341787926877,1.785403239853684
21566,3928,22641,2020-05-29,1354,43,2424.0,415,Balochistan,107,775.0,17.349057020449628,1.094704684317719
8257,658,8064,2020-05-29,470,9,154.0,82,GB,25,303.0,8.159722222222223,1.3677811550151975
5738,227,5738,2020-05-29,99,5,0.0,237,AJK,123,359.0,3.956082258626699,2.2026431718061676
171222,26113,171222,2020-05-30,12750,427,11902.0,3316,Sindh,1034,7417.0,15.25096074102627,1.6352008578102861
5975,234,5975,2020-05-30,105,6,0.0,237,AJK,123,474.0,3.916317991631799,2.564102564102564
21897,4087,23394,2020-05-30,1400,46,2555.0,331,Balochistan,86,1194.0,17.47029152774216,1.1255199412772203
8257,660,8208,2020-05-30,477,9,150.0,0,GB,24,263.0,8.04093567251462,1.3636363636363635
37728,2192,37728,2020-05-30,161,23,1962.0,1015,ICT,46,1620.0,5.810008481764207,1.0492700729927007
52721,9067,57095,2020-05-30,2731,445,5454.0,1313,KP,437,2294.0,15.880549960591997,4.907907797507445
200031,24104,228415,2020-05-30,6507,439,14733.0,6803,Punjab,2425,10689.0,10.552722019131844,1.821274477265184
176703,27360,176703,2020-05-31,13272,465,12565.0,5481,Sindh,1058,8797.0,15.48360808814791,1.699561403508772
206202,25056,233685,2020-05-31,6901,475,14930.0,6171,Punjab,2750,10611.0,10.72212593876372,1.8957535121328226
54255,9540,58685,2020-05-31,2809,453,5843.0,1534,KP,435,2804.0,16.25628354775496,4.748427672955975
6260,251,6260,2020-05-31,159,6,0.0,285,AJK,86,522.0,4.009584664536741,2.3904382470119523
8549,678,8451,2020-05-31,490,11,153.0,292,GB,24,387.0,8.022719204827832,1.6224188790560472
22396,4193,23977,2020-05-31,1471,46,2594.0,499,Balochistan,82,1336.0,17.487592275931103,1.097066539470546
39269,2418,39269,2020-05-31,169,27,2177.0,1541,ICT,45,2556.0,6.157528839542642,1.1166253101736971
55552,10027,60901,2020-06-01,2912,473,6218.0,1297,KP,424,3806.0,16.464425871496363,4.717263388850105
211980,26240,239173,2020-06-01,7021,497,16085.0,5778,Punjab,2637,10758.0,10.971138046518629,1.8940548780487805
180803,28245,180803,2020-06-01,13810,481,12773.0,4100,Sindh,1181,9581.0,15.621975299082427,1.7029562754469818
40604,2589,40604,2020-06-01,169,28,2345.0,1335,ICT,47,2876.0,6.376219091715102,1.0814986481266897
22981,4393,24470,2020-06-01,1507,47,2757.0,585,Balochistan,82,1076.0,17.95259501430323,1.069883906214432
6583,255,6583,2020-06-01,168,6,0.0,323,AJK,81,608.0,3.873613853866018,2.3529411764705883
8670,711,8602,2020-06-01,496,11,180.0,121,GB,24,394.0,8.265519646593814,1.5471167369901548
219862,27850,245544,2020-06-02,7116,540,17438.0,7882,Punjab,2756,11859.0,11.34216270810934,1.9389587073608618
56908,10485,62528,2020-06-02,2973,482,6530.0,1356,KP,500,3843.0,16.76848771750256,4.597043395326657
41876,2893,41876,2020-06-02,169,30,2643.0,1272,ICT,51,2607.0,6.9084917375107455,1.0369858278603528
187092,29647,187092,2020-06-02,14590,503,13346.0,6289,Sindh,1208,10389.0,15.846214696512945,1.6966303504570446
23631,4514,25375,2020-06-02,1565,49,2815.0,650,Balochistan,85,1398.0,17.789162561576354,1.0855117412494462
6696,271,6696,2020-06-02,170,6,0.0,113,AJK,95,436.0,4.0471923536439665,2.214022140221402
8942,738,8863,2020-06-02,527,11,159.0,272,GB,41,412.0,8.326751664222048,1.4905149051490514
7008,284,7008,2020-06-03,170,7,0.0,312,AJK,107,425.0,4.052511415525114,2.464788732394366
24513,4740,26218,2020-06-03,1733,49,2877.0,882,Balochistan,81,1748.0,18.07918224120833,1.0337552742616034
9308,779,9197,2020-06-03,529,12,197.0,366,GB,41,595.0,8.470153310862237,1.540436456996149
43418,3188,43418,2020-06-03,399,34,2707.0,1542,ICT,48,2814.0,7.342576811460684,1.066499372647428
58531,10897,64488,2020-06-03,3085,490,6764.0,1623,KP,558,3587.0,16.897717404788487,4.496650454253464
228734,29489,252469,2020-06-03,7469,570,18667.0,8872,Punjab,2783,13296.0,11.680245891574808,1.9329241412051952
192546,31086,192546,2020-06-03,15538,526,13813.0,5454,Sindh,1209,11743.0,16.144713471066655,1.6920800360290806
200093,32910,200093,2020-06-04,16022,555,15070.0,7547,Sindh,1263,13001.0,16.44735198132868,1.6864175022789425
238105,31104,259254,2020-06-04,7712,607,20020.0,9371,Punjab,2765,13710.0,11.997500520724849,1.951517489711934
60524,11373,66381,2020-06-04,3150,500,7098.0,1993,KP,625,3853.0,17.13291453879875,4.396377385034731
24530,5224,27301,2020-06-04,2021,51,3084.0,17,Balochistan,68,1926.0,19.134830225999046,0.9762633996937213
9418,824,9435,2020-06-04,532,12,239.0,110,GB,41,572.0,8.733439321674616,1.4563106796116505
7287,285,7287,2020-06-04,173,7,0.0,279,AJK,105,591.0,3.9110745162618357,2.456140350877193
45760,3544,45760,2020-06-04,518,38,2937.0,2342,ICT,51,3884.0,7.744755244755244,1.072234762979684
249236,33144,266959,2020-06-05,7806,629,22153.0,11131,Punjab,2556,14490.0,12.415389629119078,1.8977793869176924
62412,11890,68982,2020-06-05,3221,521,7468.0,1888,KP,680,4494.0,17.23638050505929,4.381833473507149
48546,3946,48546,2020-06-05,629,41,3220.0,2786,ICT,56,5128.0,8.128373089440942,1.0390268626457173
208483,33536,208483,2020-06-05,16782,575,14910.0,8390,Sindh,1269,15937.0,16.085724015867,1.7145753816793892
25802,5582,28099,2020-06-05,2037,53,3416.0,1272,Balochistan,76,1881.0,19.86547563970248,0.9494804729487639
7613,299,7613,2020-06-05,182,7,0.0,326,AJK,110,605.0,3.927492447129909,2.341137123745819
9627,852,9641,2020-06-05,541,12,253.0,209,GB,46,444.0,8.837257545897728,1.4084507042253522
7934,331,7934,2020-06-06,185,8,0.0,321,AJK,138,647.0,4.171918326191077,2.416918429003021
29205,5776,28652,2020-06-06,2110,54,3530.0,3403,Balochistan,82,1351.0,20.159151193633953,0.9349030470914127
9874,897,9859,2020-06-06,551,13,287.0,247,GB,46,424.0,9.098285830205903,1.4492753623188406
51376,4323,51376,2020-06-06,629,45,3591.0,2830,ICT,58,5616.0,8.414434755527873,1.040943789035392
64422,12459,71688,2020-06-06,3366,541,7840.0,2010,KP,712,5307.0,17.379477736859723,4.34224255558231
259241,35308,275139,2020-06-06,7953,659,24003.0,10005,Punjab,2693,15885.0,12.832786337087798,1.8664325365356293
215860,34889,215860,2020-06-06,17787,615,15156.0,7377,Sindh,1331,15767.0,16.162790697674417,1.7627332397030582
222890,36364,222890,2020-06-07,18265,634,16138.0,7030,Sindh,1327,7030.0,16.314774103818028,1.7434825651743484
268895,37090,282807,2020-06-07,8109,683,25601.0,9654,Punjab,2697,7668.0,13.114951185791016,1.84146670261526
66025,13001,74749,2020-06-07,3450,561,8279.0,1603,KP,711,3061.0,17.392874821067842,4.31505268825475
29799,6221,30087,2020-06-07,2175,54,3919.0,594,Balochistan,73,1435.0,20.67670422441586,0.8680276482880566
10032,927,10058,2020-06-07,573,13,295.0,158,GB,46,199.0,9.216544044541658,1.4023732470334414
8342,361,8342,2020-06-07,190,8,0.0,408,AJK,163,408.0,4.327499400623352,2.21606648199446
54675,4979,54675,2020-06-07,703,49,4168.0,3299,ICT,59,3299.0,9.106538637402835,0.9841333601124723
255617,43790,255617,2020-06-11,21007,738,20519.0,9100,Sindh,1526,9100.0,17.131098479365615,1.6853162822562229
73637,15206,86899,2020-06-11,3771,619,9799.0,2343,KP,1017,3932.0,17.49847524137217,4.070761541496778
66040,6236,66040,2020-06-11,1164,62,4935.0,2828,ICT,75,2828.0,9.442761962447003,0.9942270686337397
314975,45463,317893,2020-06-11,9005,841,32814.0,12362,Punjab,2803,9087.0,14.301352970968221,1.8498559267976156
32213,7335,34153,2020-06-11,2592,73,4563.0,525,Balochistan,107,1025.0,21.47688343630135,0.9952283571915475
9573,488,9573,2020-06-11,219,9,0.0,371,AJK,260,371.0,5.09767053170375,1.8442622950819672
10389,1018,10650,2020-06-11,633,14,321.0,172,GB,50,230.0,9.55868544600939,1.37524557956778
325091,47382,327072,2020-06-12,9546,890,34520.0,10116,Punjab,2426,9179.0,14.48671852069269,1.8783504284327381
9942,534,9942,2020-06-12,237,10,0.0,369,AJK,287,369.0,5.371152685576343,1.8726591760299627
32969,7673,35412,2020-06-12,2673,75,4818.0,756,Balochistan,107,1259.0,21.667796227267594,0.9774534080542161
10465,1030,10769,2020-06-12,673,15,294.0,76,GB,48,119.0,9.564490667657164,1.4563106796116505
69806,6699,69806,2020-06-12,1164,65,5395.0,3766,ICT,75,3766.0,9.596596281121966,0.9702940737423495
76035,15787,90470,2020-06-12,3907,632,10222.0,2398,KP,1026,3571.0,17.449983419918205,4.003293849369735
265698,46828,265698,2020-06-12,22047,776,22324.0,10081,Sindh,1681,10081.0,17.624521072796934,1.6571282138891263
